pair_id,label,score1,score2,signed_margin,correct
9feb1d0177dbc06c1876840e87766305131f795e9a53989c371aad8c729173d7,-1,-0.404296875,-4.53125,4.125,1.0
8b9be0feff0f4c3e6ae12e5e24389e808b39d7e02d3bb78cd55f55573d90e627,-1,-0.53125,3.015625,-3.546875,0.0
b3d0c76e95a15d304ddbef4581b2caa2df840749a327f5b8b100c746a6824496,1,-0.09423828125,0.2734375,0.3671875,1.0
98fce659843a3f43ead4281ac8d91ba9d7980db916d90d81cffd4cd4c200dd2d,-1,1.5703125,-1.0078125,2.578125,1.0
ceb312414e61ef50a8a85e800e2a7c4cde8afe54251000b7e57e574e50420144,1,2.6875,2.6875,0.0,0.5
d6b8393f20fe57bba40fd5cf586e277cebc22cfc9b3660f912f586ddd641182f,1,-2.828125,0.115234375,2.9375,1.0
c8fd16492ed27e3bf8fc5208e831fdf6bd5301780f8c39e66a4ae54df234aa9f,-1,2.34375,-0.765625,3.109375,1.0
209062e1040d284d562a6dedff891d6e599f92d4f9e0a65dbb222e1f985cba5b,1,-3.796875,2.15625,5.9375,1.0
a36131a4e27c3c407a996f52f07da5654569d6ac0fbe277e977b754fd08fa1a8,-1,1.6640625,-2.71875,4.375,1.0
f014c74c09092069cb258ca80efc2b6dae478bd0054f5a3663235373d7606616,1,1.34375,2.390625,1.046875,1.0
26dbfa1c275ddc76ee37048da4c41b882268e09b22d7ddc254592303a2be4768,1,0.451171875,2.09375,1.640625,1.0
b817a2229ed5991ef05bc1a13f4499ac9a8bf9e621fc21cfce96dd6e8882ab09,1,-2.671875,1.3671875,4.03125,1.0
6958d6175955c3f8ce733a6f59270da6ecfba6da34c045ca41a7ba86e069909f,1,-3.765625,-0.953125,2.8125,1.0
7f730ecc3c0112b0196c109b51c38bcc4a6676cf934ae95a680f659d652795ec,1,-0.7578125,0.95703125,1.71875,1.0
d004cdefb3da9700b5546a73bdc24b66ea5bbcbab5c50d197569ac0def9e71e4,1,-4.65625,-3.34375,1.3125,1.0
620c6f320805312ed58efeae0c36b54c565c89eef556c266e252441f7c92624a,-1,2.421875,2.390625,0.03125,1.0
42072048110c447ed6657e396a17ad973106075c9e734ebbcb8eb5d23bb5ac18,1,-3.9375,1.171875,5.125,1.0
4132b04476ecd91f4969d2f6aa3fd2b7bb14928377aa5dd0581eeac00249415a,-1,1.4140625,-4.0625,5.46875,1.0
f60f1e3bb1317bec2754757e46f202b7229341cbbbb33d170d0df20a40d26664,1,0.26953125,0.294921875,0.025390625,1.0
c37362c6e7043973f0aee0b352ebc348a729697253c137a5bef84b1f3e0764c1,-1,1.765625,-4.8125,6.5625,1.0
58e4df6bff77377a32ac891ce409d9b40c14aea645c39155d95a481b9e4320c6,-1,2.203125,1.8828125,0.3203125,1.0
5aaacf54f4d26c2eb590d2bb539b9c4d3d438ada2b3a2b886a611e1642613d5e,-1,1.7890625,1.4921875,0.296875,1.0
6cd9981a708771183218716f5c134d99fea7826d08c8c20a805482891b63cb71,1,1.0390625,0.51953125,-0.51953125,0.0
41247bcfb3f772f3a807a04057111671d052e531e8b1ad8611f8115cb2c43b80,-1,-0.6796875,0.42578125,-1.109375,0.0
7db149b111e0268e2c2cf87929810f285e1dbe222a6c219ced30eb3becd84d09,1,-1.453125,1.6484375,3.09375,1.0
b780766ddfa478125a6ca3c9bc07da6157d50610805586ce985085257d291c26,-1,1.53125,-0.3515625,1.8828125,1.0
a3257663102b5d9068fc8da98d70b2f3b02aa9f8cb33c5195c0d70c9e9e8eb3d,1,-0.55859375,-0.30078125,0.2578125,1.0
653d13c44450b0ed17e4e76589da64d9bd3ec0d94fb9b49c55890416bfc06bc5,1,-5.0625,0.045654296875,5.09375,1.0
ea399e9b64a2a5768bf96398dc460d1bd0aa002e69fa7524bd32a02dbdea1d95,1,-3.328125,1.46875,4.8125,1.0
dd86c4443b2397b147ed3faa7e12a1969ad3df631f769bbdf0248d9217a78438,-1,0.62890625,1.1328125,-0.50390625,0.0
e8e2a792597418878532d12dd242a9a4836ccbb158628a6c37aa745d19025b4b,1,-3.84375,1.1484375,5.0,1.0
bbc1b0c571f1c2004f404d1589f79be0a83702580381afe19534c93b656a2f68,-1,1.265625,-4.09375,5.375,1.0
e88107deecbe29e0164d6dc16abcce9bc2d257e61fba48178b98adf0e0a564ae,-1,0.1376953125,-4.96875,5.09375,1.0
f15d1f1828d7245ab058239154c02ad62df27530fe30d59d6ee434b4a788f44b,1,1.6640625,0.7890625,-0.875,0.0
c5d614719418b0ac18939359dbadca9a7233f9a682c80df6312f92f66959c457,1,-4.21875,0.140625,4.375,1.0
42d41b93d744be4d8dbb283e7f571ebe1d3afde6386aa4f209469fc0bc3b33b0,-1,2.25,1.25,1.0,1.0
5c0108f3bfd2bb9dec951d4b2de3121f546f11d9580005d59de9703936f54999,-1,-0.2890625,-2.109375,1.8203125,1.0
f9459daf85155dee5f180e8ee9100da6776a1b78679402987ae9d6c0588f94a9,-1,1.40625,-0.01324462890625,1.421875,1.0
0acf270bc53670f6dfbe79cb70bf16b161a688c78324884957c6d3bef870a8f5,-1,0.7265625,-3.03125,3.75,1.0
3ecb0fe4ab98e0b0a0d9818e0af6552b04ed59bf1ff68971ac191fd304aeb93a,1,-4.375,1.78125,6.15625,1.0
63779b2b685fec7f8954e091d77408cff40edee0d7e34bf8b09f033d21c2e307,-1,0.1484375,-0.431640625,0.578125,1.0
f06bb812122bbaa3580e5490f99dc197028c1d403cdf435e32eaab6374794b2e,-1,0.56640625,0.279296875,0.287109375,1.0
f733f0fd50c0b05e795d8386bdb67b6d05b4e8d94c86867da9b454daa63fc4ec,1,-4.34375,0.0810546875,4.4375,1.0
222b2e682b4fbb3beddbd35f67a21b398b2722089eb9331df20f2109e063dd27,-1,2.125,1.8515625,0.2734375,1.0
b12f9037d2a7e2330924e678f4e87b131dc832976bd99180a4b796d00cd2bd0e,1,0.240234375,-0.54296875,-0.78125,0.0
dea38407474cc0b52a92b8a839832cb0766d0b0466d4fd271347ed5af448031a,1,-4.78125,0.435546875,5.21875,1.0
1d11f328d817a277a1f4d3c0b46949beb430e2db1c30b387bd5313304d6df5c3,1,-4.75,0.283203125,5.03125,1.0
17491ace3bd0a6594889694002d70008206074642c1b5521cd202a6710dbd813,1,-3.109375,1.609375,4.71875,1.0
67555484546691bde861acd5ce12ca41e18011db4862748ad5bbdbb037ed5dd4,1,-0.77734375,-0.81640625,-0.0390625,0.0
21c7ba24991e11be3c5da43dcd1179896d54a5023765da6496d5497b91476d13,-1,2.140625,0.76953125,1.375,1.0
1cdd0cc4a04399231712ebaedc26885f236d184186ce5aab3d680901ebfd9cc9,-1,0.84375,0.7109375,0.1328125,1.0
ecd129a0e3dcde8b802a351666fbf587a0bc78315061bdb8705589e7d2ad644f,-1,2.171875,-2.359375,4.53125,1.0
da183349860897d0711d37c65fb4de9a7865c689a8924b0ed1ab311e01a83248,1,2.078125,1.9609375,-0.1171875,0.0
5e70ba882ae62225ef1f6bd8826cf46808cdf1094e55a599628f1e7f368a1152,-1,-0.5390625,-2.890625,2.34375,1.0
1603a0b1e00c2b9826ccb64abf76f99b23f7a21cbbf0d4b1c03c1ab60a2dc27e,-1,1.7890625,1.4609375,0.328125,1.0
0b0482a6acfeaa90cd1dd93fb5eb162fefa7c3e5f7ead918de38e9510b76915a,1,0.92578125,1.90625,0.98046875,1.0
cd96445fd93c35b7b1d0de3867f93555919748f22e7bfbeb7e70a52f596cc6e7,-1,-0.3125,-0.85546875,0.54296875,1.0
373946fd2378c2e32123475c15c48edda6de93b320bd76ea7b367ee8c0ecf0bf,-1,-0.4375,-3.046875,2.609375,1.0
516eda34e3f3216e7583e774f6d26f2ce5b88f20e44dace62725f4e4515fe97e,1,-5.1875,0.296875,5.5,1.0
8519b0d61fc43b5fb1c2536d79fd94fe485ac1c03b40bf17d258b0546e975364,1,0.0859375,-1.5546875,-1.640625,0.0
2a3a61637e88eea857c41eb98c9c53190400e092138bb95f3b221f2e805857ee,1,-0.4765625,-0.0322265625,0.4453125,1.0
01512b5026eab6680f3f625ad3ad99d617361d69aa19901915be36ec3ba1cd2b,-1,-2.359375,-1.5625,-0.796875,0.0
bba9322c5bcc3899da7e0f26f8522edd7c22714b99bfae7612cda4911c0444df,-1,2.65625,1.375,1.28125,1.0
4a55b409ab30301728384d45f847efe9c6a80646d080f0844a2783b835b981ad,1,0.1171875,-0.13671875,-0.25390625,0.0
c2b31b2618b792b3ab181e758433de63cc0e732c710684d5d085494903368548,1,-1.5546875,-1.0546875,0.5,1.0
5015e1938c7d6364ad026da13eb8f643b3ff4a2a46841630194a3547cd08c83c,-1,2.59375,2.8125,-0.21875,0.0
76bfd850f6f988b8b3af2328a9242082557b0bcd5fae8cbdf4eb6158c9c31b8b,1,0.625,0.1435546875,-0.48046875,0.0
3d9a99fc6a27ac468fd592cd1b109ab981fcf34d4ae2d7e9cfbb401077a2a8ba,1,0.81640625,0.79296875,-0.0234375,0.0
ab328476ea74a1c3bb3e0848c4e54cfa7033dbd876c744b4c8097038016dee76,1,-0.48046875,2.078125,2.5625,1.0
1a9b77f7b4469ff04b33bf0e5898ade95092389a78404b2a7dbea95ef138340b,1,2.28125,2.328125,0.046875,1.0
5e0ec1e2c61a6bef5004809df1c772ac19c4d4c5089ea240275c680dfa116c86,-1,1.109375,-2.375,3.484375,1.0
b946d2b154cf2fe934a21da97104b382951670b96d1b076e9759edef701b58b7,1,-2.109375,-0.74609375,1.359375,1.0
75dc1b0c693cb25b4620b1859fd845d5b8c41183d86931fd5b2eb5bca40b46bc,1,-5.21875,2.625,7.84375,1.0
a77c8f866887cc97ed3033bab21d55d28c87bf7c892d1b927363cce5acbba002,-1,1.9375,-1.7578125,3.6875,1.0
5da1a2d9ba0a721184daccb721a1f6440f6bfc569a093c72c2fbc0a7968cd035,-1,0.0654296875,-0.185546875,0.25,1.0
3c952ba4875664a62126ea9769cb308fa0d837cdd1bb90ca37306f1b3f3b4d1b,-1,1.7109375,-0.7734375,2.484375,1.0
40055c0176136e5ffab3016843dcdb8051448f530e71a392f81696c2130af96e,1,3.765625,3.296875,-0.46875,0.0
740b1506198af9fca2298a7c8010863f3b25d710a61bf53d0e63451f81e2f605,-1,1.140625,0.83203125,0.30859375,1.0
b3c4529b6a2b1c9ac92b486ffc20e4ced26cb9d5b48294c48b69477c434286f1,-1,-0.14453125,-1.3203125,1.171875,1.0
eabaa52dcd3c99cc815440661a107f9339d63e70d3686660900469832d37e7ee,1,-1.1640625,-0.1357421875,1.03125,1.0
e92e7d44e0f431947b5be3265ffeec05722a9dc3a2d7408b25739d004c5ba53e,-1,-0.0162353515625,1.609375,-1.625,0.0
9627b1f4defd2954f76fc6b61f5f1091858958851e0a784de9a4cb52fc237503,-1,0.369140625,0.92578125,-0.5546875,0.0
1b8525818d1c96b6c2760586d9019091637bd9eaeb00004380a40484484540e9,-1,1.21875,0.50390625,0.71484375,1.0
ee1157653796088be2e3ab2b5f78b84bd75f823793d1f74ed505e13012cc838e,1,0.80078125,0.314453125,-0.486328125,0.0
ed4cc0b410411f56a486b58905314431a3b72e326cc8f945438eaacd143158bb,-1,-1.296875,-0.44921875,-0.84765625,0.0
135a223c66c343f4d9388b504ccbeb9d96939d4c809a2cb9bc029756bbbbdd7a,1,-3.453125,2.3125,5.75,1.0
6621281a5c5553a6fbf5e636000cb848ace780244a16df6afd601c576bcd8a9f,-1,-0.77734375,-1.1484375,0.37109375,1.0
fc2bd679a4b34ed1199f1f2063b1eaf573796f09f62a22e44cdead61d44f5114,-1,0.07958984375,0.2578125,-0.177734375,0.0
0f8e5a20ca35509342a1c8d425b10c7d530e659330c2cbcaabdede4c53ff7675,-1,1.265625,0.53515625,0.73046875,1.0
4f40d15aa89ae6fbb0998eaf9cf13cfd5926cbdf78a6e8fad2edc3651450e1e5,-1,1.6484375,-4.71875,6.375,1.0
1363766705cb95bee0e53294ebf83ebfbf7b93502c29e6c4e9081531173540de,1,-2.671875,0.671875,3.34375,1.0
b49778711b04455effe5566e2a37a9233ffb161fc6b6cd4af30e48d72e3d6e09,-1,-0.29296875,-3.78125,3.484375,1.0
995e3b09b55c5d164a5ce93e5b157f7a9dbd63f3c3e53675358d612a37d1d1b9,1,-0.061279296875,1.5390625,1.6015625,1.0
9b49cf146d89675df8362303f541e7c5202ec04b815421c2d802e48b15692d65,1,0.84375,3.890625,3.046875,1.0
359dff810d91352d95b2c0bc78663cadfde6f227575b9a02e61acb9f9e2307e4,1,-3.28125,1.671875,4.9375,1.0
ed1148b8902e7d7c576afeeaf725c92a34f8d84d75cb22a82915383309df2b6b,1,-3.0,0.73046875,3.734375,1.0
efa4a2df8ebea9724466cd0f228029589db75d61e4fdc0e3fa8cbef28c365e71,1,-2.875,0.21484375,3.09375,1.0
4bf2f2ac5a0f99675c3c25faa0677d851fc4c1750b6eca071d919d8d1516f0ca,1,-4.625,1.6953125,6.3125,1.0
8ee73e6a3d32bec31c839b93de6aceeabea4f4442e9023e89e68b2a6e57f2613,-1,3.109375,2.328125,0.78125,1.0
9e570619c26549c34f46020dc9835958c6f88280b997baaa588a11f539d21f6e,-1,2.296875,0.78515625,1.515625,1.0
3032e17190d40b5a4f7fae8e21a7c9c146f992e897bc68d0696219e885e7de82,1,1.09375,2.5625,1.46875,1.0
0842b7cb150433dcab5ae07aba683a4ff8602983382c514b21ff131a42f68b86,-1,2.796875,0.73046875,2.0625,1.0
4b8f08977db73826135429f86dca99eae08b059c245d26ec42335755333f2836,1,-0.333984375,1.65625,1.9921875,1.0
99b62511daa42e808b174075ac2c103582a160a87df7b9fbcf1c8168d61de9f3,1,1.0390625,2.5,1.4609375,1.0
ae4b4f93af7607c9b4eefdc37cf6ed19b38e4491228f23a269ad165c0db45004,-1,-0.134765625,-0.546875,0.412109375,1.0
0b5443b611f86748c16e5ac93a8dd384c90e325238678e9da2d179d5bf2cab15,-1,-0.59375,-0.4140625,-0.1796875,0.0
399df703d9a374fb8d5813af4c766d0ea139e2a292fe905072ab45764dd60f04,1,1.921875,1.7734375,-0.1484375,0.0
3519abbeae04189ed09478e6ef2277dca59f85325ea259c19bdf98ceab64f253,1,0.423828125,-0.19921875,-0.625,0.0
971a908963f328207f31ff389314a698d03a7d97cc753598ee660855ca7ed1e1,1,1.21875,0.57421875,-0.64453125,0.0
0e674f3c36ebcbf6280441f269ea026e40404fcf433c53c6e274921b8871235d,1,-0.201171875,0.1396484375,0.33984375,1.0
7efd9d707537befe58c3694c84bafa88a4e01f7b8a0751b7253bf9651d1caa6a,1,-3.875,1.2578125,5.125,1.0
363da739e1c18a6f430efdf2a9e4b5eeafda0e89c194190918578c5ec7233239,-1,1.2421875,2.078125,-0.8359375,0.0
9eb0aa11918261c1ede5619dc61f9b890adad70a1c663cc55288525c2a498141,-1,-3.890625,-3.828125,-0.0625,0.0
4a696d5793d2117ccd82e7842cc176641282e0deec65dc6177f8a270c70082e4,-1,0.98046875,-2.125,3.109375,1.0
ff7899ce30010258920ae82a6977eb908b0f7c3cf8f5bcf1c02d79514c0f7f2a,-1,0.75390625,1.1015625,-0.34765625,0.0
2b8a7b0d4771a1b7930015d7ac5bf902e0dccc2b08d9726b038f942f193903e2,1,0.91796875,-0.251953125,-1.171875,0.0
6f008a420e58fb3fb6c5ddc52bfbb28ebc5e3d8156720f0441e0f629eaacc1a0,-1,0.5703125,0.15234375,0.41796875,1.0
f3b1fcda3643297dece72a4abe9079f68ef744cff3e333946ee607f3a62693ab,1,-3.953125,1.109375,5.0625,1.0
ed92aa248d9f28e4e3904b5a5c496acd831625d287804a5127d90ec839d71155,-1,0.1650390625,1.2109375,-1.046875,0.0
66793c2242bb8f160f8aba2ab17b83132f53b720b03d206db28204c6183f2f2e,-1,1.71875,-2.265625,3.984375,1.0
e604304e03e203db597fc00eb0958aac338d7a70120c4908b945c4d6e4ba7034,-1,0.07470703125,0.71484375,-0.640625,0.0
7d61689e27f212a86e1514d07ad2f30e7eb703c0ff7891c04c4a59967692b79d,-1,2.390625,0.8671875,1.5234375,1.0
3e192ab6f7fa8c83fcc3264bd9f8de5f92ba1b0f742f7d7bad1b8fa80f0a51cb,-1,0.72265625,0.287109375,0.435546875,1.0
080ec3f75ceaca65546afcaeb18f43c8f1be2867b5c1d33cdf07ba36ced60bb4,-1,0.734375,-0.68359375,1.421875,1.0
4c6478edc3247ac91f9b0152bba54a1b83e141ace0a997e7fc33ebdf22caeb7a,-1,-0.1494140625,-0.240234375,0.0908203125,1.0
895fbcaadd316f0215cddf8546e9c31218f237e67f1de3af698048c9f7b7953d,-1,1.2890625,0.453125,0.8359375,1.0
9bc9c2651e64e463c686469ebfed8401d77c8e0ed37af7e4085328a9db1e8387,-1,0.046630859375,-2.171875,2.21875,1.0
f6adc3e13bfe4458836ff35c50227b4d00ebeeee4133476e52b7c88d7c9c5b67,1,0.9140625,0.412109375,-0.5,0.0
34bf1dbb529e8cca7f859d89a61257090f1b044d8b220d9aaea8881193f3a42d,1,0.69921875,1.9296875,1.234375,1.0
4d2a536286116a7d58475eed943a207a5f8b4223b039d2c402abb7152ef3a99b,-1,1.4140625,2.140625,-0.7265625,0.0
d43da4b1e6b5163f5db78280d6b0d89ef40cd668bf93c0a1f90d3dd70f95da1d,1,-4.71875,-0.43359375,4.28125,1.0
7922b4f879df79ba726cdb451f7a709cf74499aab16cc1eebe3c16b22c63db3c,1,0.640625,3.625,2.984375,1.0
d39b1596a51d90c43332934a22fcbd0906bfafd7c92f468a48f65aecbd64c9f6,-1,1.90625,-4.09375,6.0,1.0
89e3eba76d9e5683d38b1548e1b02a949df60403b157beccb7eeead9b73f6d3e,1,-3.34375,1.328125,4.6875,1.0
ca1c753e0cdebd9e0450c37d0b6a2284f41d172d0b4daf8215717a9f39a8fe4f,1,-5.5,0.296875,5.8125,1.0
febc9209b544f645b86e7985fa5b907d744c898e125b0d421f909e11067dfaf8,-1,0.3359375,-3.625,3.96875,1.0
0cdd3d5685a3b078c3e774cd8d26f4112d6973a19177b6b4a4d77fbfb1362c16,-1,0.62890625,0.98046875,-0.3515625,0.0
5b8ab04545aded7e5982ea1e33f7ce3a41945e1b131bf531d7c6890ff529ef93,1,-0.017333984375,0.6328125,0.6484375,1.0
6f10c82d2b578ec8381ca49049d302b1d30b47a6023ced3bd6c6d074805087a6,1,-4.625,2.21875,6.84375,1.0
c4ce558b00e787ff19c813a071b2095095372a9b308b1896122dd41722438731,-1,-0.20703125,-1.2421875,1.03125,1.0
b3ce12ead1a3b882cbe5b49e68658c13c1717596f398da8dedc7a661eb71391c,-1,-0.8515625,-1.4765625,0.625,1.0
740c5882155a60aaafd7650be161dd24d50267e6a38add245f7e14e11533ec26,1,1.5078125,1.84375,0.3359375,1.0
b954645ee9d29a6fafa87670a4709b1d3809c578060384fbf7c901c86cf2d0c6,1,-3.890625,0.70703125,4.59375,1.0
32467876fed1e16f9213d901b492d3796e00a8ca17dc498593aec4bed2284aba,-1,1.8984375,1.4609375,0.4375,1.0
b5800997216c4751efb8dec3ab37ed883e486de38d18e464b0b56e580bcaa9ce,-1,1.1484375,0.298828125,0.8515625,1.0
ef120aed32215c0b41d736a7340e5d6e58dd13d6d2ad8bf90ce2638a046556f9,-1,-1.609375,-1.8203125,0.2109375,1.0
24edc1bd4d9a81f983675803ca0e580b9137260306b7065a777840c176b64c7b,1,-2.921875,0.4609375,3.375,1.0
c8c350611b0f0751914fc3e029cb980846e2ab9f25073136165209970155a87e,-1,2.28125,2.46875,-0.1875,0.0
43c96b8ffc041ce0e8533f248a85fe0fa16dbca59c2435244dfe7d05347587ac,1,0.4140625,0.008544921875,-0.40625,0.0
131731d3529a1cce935c95b1cbada7d8547f86c8347107846badc237a25e2329,1,-3.703125,1.1484375,4.84375,1.0
6f964c10ac3f9c6de9c52b24dd4a5b8a6feee347d455b983d11a36fd96eb475f,-1,2.1875,-3.078125,5.25,1.0
8a004823230fc5052b2e6878b010378170e6f9ed053fc73085864521b2d8a4bc,-1,-0.60546875,-0.9375,0.33203125,1.0
3f95f8d5b3f4ce4d54f86ed8648822c2f67e5432211a352af7a8054adf5ce3f2,1,-3.6875,0.75,4.4375,1.0
000f2d7cddb7e5c0677800f4ee36956b1ca228698b548d1ad6e0087204e2ab87,1,-4.4375,-0.6640625,3.78125,1.0
73d1618dff45de33b54212895b4c571279563dc08ab0d995de115fefa2998e91,1,0.27734375,1.5546875,1.28125,1.0
17838f9f3a213b2c2b67dee1c61f2993f1f57f994391348b3c43f2b39ebbbf41,-1,1.7265625,-2.953125,4.6875,1.0
077f190392c0f21022155287b67a2ec1936278ba0f52f1c171053d4c2dd3c9d6,-1,2.8125,2.03125,0.78125,1.0
fd386fce2c46a9494472fc517950cbbc7d9e5adb7ab26119f2575bc2e0b23a75,1,-2.015625,-0.177734375,1.8359375,1.0
b7c6079dfa1db9a58a03ec837eab2db2c720fb2186f6c328697163dacf5b39ed,-1,0.006683349609375,-0.703125,0.7109375,1.0
5f4efb2d45061f0f49d039eae7e430dc09ff02490cbab7b64aee2edcd54ae70e,1,-3.15625,1.484375,4.625,1.0
8fab0fa1fc63f04d03a070f61addc2703a2b83e52ea85c91b58de331ad6b061b,1,-3.59375,1.328125,4.9375,1.0
333b98d1c0d4f0463306024d3b5713a95cbafd66a94c880db5eee9392f38c6c1,1,-2.078125,1.0546875,3.125,1.0
a0213ba0fa9da4767e9b99c819b5b336c10dcd02c491bc5cf0e3019e10b9a770,-1,2.53125,0.2060546875,2.328125,1.0
fb7945ce6498b925c647c9f56dda669b6ba35906fe627731335e5b1985ea9d22,1,-1.515625,0.66796875,2.1875,1.0
38bf1e2514736528621460be2106462ac50d936a2acab3d6ae45b0da883ab1fd,-1,0.482421875,-0.2421875,0.7265625,1.0
a89a855bddbbb300f3069075cd2252c733255576fc316e9a46d2955fb1e466ef,-1,-0.37109375,-1.328125,0.95703125,1.0
bfcbef2c32cc022d0ee7d8ad5dab5565ff9c2ef3033976dc7ba8ad60356c299f,-1,-0.5625,-4.59375,4.03125,1.0
ae1069a916305fa3b862e2abee80a4465030e884094552a0bdafa711132030e8,-1,0.96875,1.5390625,-0.5703125,0.0
b30031489664f451fa6f56e50dc00265db0f2c0a5d1ea1853f46494cd86b3001,-1,-0.181640625,0.59765625,-0.78125,0.0
316148713352c1b9fe7a2666c5587c6b4d4cac0e41068c5db2500fe652962600,-1,2.171875,-3.03125,5.1875,1.0
a4f4e99650d4f407d7fc72c9b3d38bf707e9298369d0b678dad8cb29c797c45c,-1,-0.51953125,-0.416015625,-0.103515625,0.0
77e9f502156f9eda2284d88483b89edcdb27dbe7233582d00dbb28280bc1624d,-1,0.234375,-0.04052734375,0.275390625,1.0
ddeed1f3d1f7d894af307aba67f56a0a521d4ba3fbece8efa2e2eae505e8eb48,-1,3.34375,-0.6015625,3.9375,1.0
ee7588da2ae00149ae98fdf26e046fed8b91147a106a9b8e45d35bf470050233,1,-0.8125,-0.9921875,-0.1796875,0.0
f8900b29c688df972e12130c7f7220558086beb108ebfe45b8a280d50d272d76,-1,1.2265625,-3.8125,5.03125,1.0
7c63bffb5d86da2ac911f8b6af1334e4bd09f076eb721482347081949cb442a3,1,-0.37109375,0.07275390625,0.443359375,1.0
d3d77e67ac3461d6482c37f5f83bccf29dfee7eb5af7fc02e7014df0f29d704c,1,-4.375,1.8359375,6.21875,1.0
82a0ee0d65f885e50a45d108514a46b7896800acbc2de7d5aecbc5e0464613ba,-1,-0.232421875,-2.828125,2.59375,1.0
577072f9bd83e8be8f12c3d6c9716984436d5f2d3a81685ab0b95b3cee7352a9,1,-3.625,0.0673828125,3.6875,1.0
054f070cfbc4b96ee4f31c6bb897f9881ee056573478a9e06735d47a8ebab60b,-1,0.10595703125,0.09521484375,0.0107421875,1.0
95dcfb6cfb5cae9c0b1bb0908fea4713e9fd0e51d88577233aca2fa7c9bf6720,-1,0.142578125,-3.21875,3.359375,1.0
46fc4789c4178782db863c09b933e845aff9b54bc343c61dd6830291bdf149ab,1,0.326171875,0.94140625,0.6171875,1.0
9ca9c8be5300659fa7da5c514392364eb5f5b475b691bb11f607ed9dcbf7ece8,-1,-1.1640625,-0.44140625,-0.72265625,0.0
19bc8de819580b32c87ef84e2c0441178d565e9f4336199dd25e000b7bb84669,1,0.1328125,-0.1416015625,-0.2734375,0.0
5e9c6a8e46432850f34b0e0776ec0caa7a17e647274d7aa18ad3617f030cbfc9,-1,0.158203125,-4.15625,4.3125,1.0
e56969e6edf4ef4e8b76e993b01572d5d5e30270d7edb9b847b582c4724e4127,1,-1.0078125,-1.15625,-0.1484375,0.0
f6394707e5eaceaf59e71bf99687a19fb44e87064bfb89adf7a282c7242e5356,-1,1.296875,-0.51171875,1.8125,1.0
a96783cb12c9f3a3d13932565229e58510ca53d9d9e0f18e4584b9db8c489afa,1,-3.953125,0.291015625,4.25,1.0
c3e53eb53f0cae0b724fb8ae333ec0ba39ee496d09fde452037042fa3183da87,-1,0.62109375,-1.3046875,1.921875,1.0
5a50e0d04ee3559f71511c7d5d45ee28598b223a99d1f6e4799524c1b7965eeb,-1,2.75,-0.734375,3.484375,1.0
cd1f293efd621f82e6ace8b4b55114782b5ec4f846c9e98ad2e95f4da51bbfdc,1,-2.8125,2.125,4.9375,1.0
fd9be517cbf3852512671a1b246867b3318fbab6d71ce65839095ab00a353ba7,-1,-1.6875,-0.115234375,-1.5703125,0.0
241f529f1e07adf1d9ac46405fd32ad6dd47349926ef8a314d5fa8752ab91478,1,-0.1318359375,0.6328125,0.765625,1.0
20c8553fb8b95be6e8a20502b26c9d7bc717fae795b0a6e48f6ea7d705d6a650,-1,-1.0078125,0.5,-1.5078125,0.0
b7c58cc36554d8b9cfeb1b5984f07c009cc2133546081c148808df814f3f54f6,1,-1.265625,-0.92578125,0.33984375,1.0
37ca2775c8692cab517db4a1214b55ad876fa0905ed64bc40e1ec610898160af,1,-1.5625,1.4375,3.0,1.0
56b463e1672d6e727528c86b819169c62df29f39a4333fa96b506b07faab8caf,-1,2.53125,-0.875,3.40625,1.0
7a9890543d3da0cce41a8a6529bf34dc56d9d39883fcc2ffdb7008e0e30fd295,1,-0.59375,3.0,3.59375,1.0
2fab3e00772697d3a61137d421b2b131790f2465d9295c6d4150023883d6ed8a,-1,2.65625,-4.09375,6.75,1.0
3bebe7ac1fbcda3ae68bf8216a1e10e1f4fb2436a13d080ab82b976f3604dcf8,1,-0.94140625,-0.314453125,0.625,1.0
d4fe000f30ee2790010f655a26b6cd55b7754be4420b302ab6b276ad255d3105,-1,0.92578125,-4.03125,4.96875,1.0
d6e5382950739aa095d9b4ed731e5955f09e37d9f085fd4153e7605eaec698b3,1,1.8828125,0.8515625,-1.03125,0.0
7c7afbdc6eb5fec006eaec64efac0f1e5aa9ef7f3be666fc7372db2f00e4261c,-1,0.44921875,-0.52734375,0.9765625,1.0
2fd468e046c04664a7e5a2ee91ca2bc80b5ced7eb757b8886ac6a6a123bbec5e,1,-4.5,1.046875,5.5625,1.0
ee57124656aee5d1c61fac7d9333c02ccbf1affacf9deb696523d2c81129a6a7,-1,2.015625,-4.46875,6.5,1.0
55ea804b66e9fb2c5b0a29d9c3f37ee5248f6812579916f1036b1a8478953d1f,1,0.1455078125,0.5234375,0.37890625,1.0
114a97ff132d8490417c52c1ca1e3dec91e7e55a90a23a421fe7e69bbec858e6,-1,1.046875,-0.70703125,1.75,1.0
d612245fbb6474274ea53fc4e8b4d2772017ea6ef395205b04b62ab41d382412,-1,1.8046875,-1.90625,3.71875,1.0
e350f532574393e3466dbd5e3fe53d9d2b3f1ce5ace4e2b4ece7edd468666a53,-1,-1.921875,-2.875,0.953125,1.0
cead73165258eb8c3fd53350f530fa37c4842b0213f27ae6d9d86c19382aba09,-1,2.28125,-2.46875,4.75,1.0
3b097abb43b8ed2a49b6dc453bbf28069bc301366a1ca77af631a1579a65249c,-1,0.82421875,-1.0625,1.890625,1.0
f6ce53d053d40138e1cc26d134134ee9749546252ffe210068554e89843c6aa5,1,-1.8203125,-1.203125,0.6171875,1.0
95dcb8994cdf1c70c4e343207038cc58da8a64f26d186ff79306493a8423865c,-1,1.65625,-3.4375,5.09375,1.0
97849a9a3229608ac93d25e3d8e371ab01a1003203689c77fbe8029661fe9a65,1,0.02099609375,1.2421875,1.21875,1.0
e526917f9fbd650579391694c0ec8e25be2f2c8f7fe2a7b2b144b9c7e55d8604,-1,-0.62890625,-5.59375,4.96875,1.0
65840f18d15e9e9a84216ee140e11b60e590bd7e8dc30ef0000298293c4293fe,-1,2.96875,1.7890625,1.1796875,1.0
225048a2f1aa9f71e41404083157da1e8b11b838d8b4d657a78bdc24848d0fa5,-1,1.078125,-4.15625,5.25,1.0
10c2ad80da4bc7d68351497b6729730accaa4e3099fe8359b8b5185de88f2ede,1,-0.203125,-0.3203125,-0.1171875,0.0
2c302218f44548e5a9b9b5f9a756af36f0572d2c18b11a92c944d609c4b87834,1,-2.921875,1.859375,4.78125,1.0
e2428ade416808995872d37a9a7373e1a5142c3fbb7e1468a9245df1b5485ea7,1,-4.5625,-1.125,3.4375,1.0
741dcc50a23543d3713680087d2b1a06a69f90b914507a95d7d70454621a7140,-1,0.734375,0.375,0.359375,1.0
2076fe3a01a7f69b75fa58857981b80caad7875fe29169ca008d74e694bd230e,-1,0.80078125,-1.3203125,2.125,1.0
88820006f5e1cfa39cda4b8cd2421e37ce761fab9c315328e48cb01ad14eb975,1,-0.546875,2.265625,2.8125,1.0
3d74a48fdea12e08b27b1877e7210fb307101088a89a3993dd9b74af227b4e7d,1,-4.25,0.91796875,5.15625,1.0
56f4debbd73e139833975359d6b329dd5cc3d90e2fd32e76d5f1abc619f5e614,1,-4.21875,0.2314453125,4.4375,1.0
51c175b1d3f55dfabf00d751dd5847ed948fc52d1d25f5a675a8d9ce9b0101d8,-1,2.5,-4.125,6.625,1.0
d9fd730622f68c123c506cdc275290379bec70fca38a2979696b9aa4dfb5f5ec,-1,1.875,-4.28125,6.15625,1.0
23904f46277d1b703e1ee24794d6d36849e15693866f70281091b0e1deec0565,-1,0.091796875,-1.0,1.09375,1.0
7c3d24403fd829ba0047dd9c3e7a3285924d3eb4cc0f2d6afe25b640958100ec,-1,-0.76953125,-1.125,0.35546875,1.0
51a814ba8b0a9afb7aa50ca1381b078fdcf18a8d9637ed14f7112d9868ec8c3a,1,-1.1171875,2.5625,3.6875,1.0
884b828f99a2cdde5958abb8520a83188970313e9ed1798d660e4bd52627a9f4,1,0.031494140625,0.890625,0.859375,1.0
047f2bcb305042486286664574c96525bf0e96722ba3ed9f48e2b6ef8103e37d,-1,-0.6875,-4.71875,4.03125,1.0
13d2aacb6b373e3f111102c54e7714c717e334a4cc57225ba94799de4777e1d7,-1,2.4375,1.9296875,0.5078125,1.0
c36c1df0aec8f05037532ebd7784cf961d9b07ee3ba143a532c5ba35880f1864,1,-3.625,2.875,6.5,1.0
a62d5852b270b5a2421d88563bf896260db4eb6cfc9f86047c49a02acc2fc93c,-1,0.400390625,-0.3125,0.7109375,1.0
e25757ea40cba44b64c18dfe0881614a17818d17a71d44fd1cf9d999c530c961,1,-3.328125,-3.296875,0.03125,1.0
e9324f954e2e0bebacdca55a1e213e86c766fc74774fbece8059276e35ebac50,-1,1.3046875,1.1953125,0.109375,1.0
f39c77456472224bc9ead2ad64c449f221507d394c7b0bc7a560e1b85d82acd5,-1,-0.318359375,-0.765625,0.447265625,1.0
f5758ca0d86926d0b2fd2dd359469180187b569f5fd68b05e64145a92b81c008,1,-3.328125,1.9765625,5.3125,1.0
18e9e90b76d81719828fb6bb1fd189d6768bb49d7a5aeb2bda93fe0e71ef68ae,1,1.4375,2.421875,0.984375,1.0
b98a344e939cd3a00261fafe1112960992a1b16d862c7ed62fba7168fb0b46ce,-1,1.9375,1.3046875,0.6328125,1.0
3c657d30b576fccc801452b9877d1c5c33501ab2381f7f3e10cb62e2a9f97abf,1,0.0078125,2.421875,2.40625,1.0
2399cb064387213d6506e36d183b81fc2a8254e781bacb1c31f6392211861fe4,-1,-1.9140625,0.30859375,-2.21875,0.0
249c4028921cc6b7ecc84e139d525ae0fa9e74c207d85839626240493d890424,-1,-1.453125,-0.86328125,-0.58984375,0.0
108b06fb9d812913d0a5de92e8d2d9bd370e7a6c4c4dcce47b69fc23f92b74e1,1,2.578125,1.4375,-1.140625,0.0
77b62199f93638c0a15e9b0aa5587671b959da855c86a327ec57edbb0630d1df,-1,-0.38671875,-4.59375,4.21875,1.0
a0619c33ee9faab66910c4e2b54d7b8010582d2f4da6e262ac4eca1c160af150,-1,0.392578125,0.34765625,0.044921875,1.0
531eb597eff52d269102e5205d651c98bb4d42ba0f4a48c4971d88f16f3d7c88,-1,0.83984375,0.96875,-0.12890625,0.0
de9dad3b2f9a17aa3e9fda158ac6523e97216ea3e007daf6b978d3409ec6363b,1,2.203125,2.9375,0.734375,1.0
bc4ab36beba0b7866b512df9157a3f29e105b98b4d90c10c52803539f955fbb3,-1,-0.625,1.4375,-2.0625,0.0
22e3659787d11da2858f42ac1262d8811909468e0d5c25591cf5e1bef3ea6802,1,-1.1640625,-0.67578125,0.48828125,1.0
a053356008f0e069df99363d23b2526e1f937c7ba8515d56579c33bcc061ac16,-1,1.453125,1.4921875,-0.0390625,0.0
0d2ed427587d63311e048a1aee7cbaf5a5b2eeaf7226848df5cf7e191b64f171,-1,1.578125,0.984375,0.59375,1.0
e2b4374c06aa0d19e6f2d0e61e293530a9843f2a5bfc6bfd43b81a05d2f5b0f9,-1,0.26953125,-2.515625,2.78125,1.0
c1f547a236600dc57fe8be4912ade73b00eb6e26e924b6ae7935c597e30bd7ff,1,-4.6875,0.3828125,5.0625,1.0
2ce38926fbebb05dd3f42e7939d27206c7f6bca63a804400d772db1b158aa9ed,1,-0.55859375,-1.1171875,-0.55859375,0.0
74c45442aba99eb355bb2158e2fa234919e789b036b4db8bf491661898f8572d,-1,1.3828125,-4.03125,5.40625,1.0
8b85c28ad6883cd7c463107be240684cf3d3493a429ced2bf44b5eb2a221af9d,1,0.58203125,1.90625,1.328125,1.0
c07c60e1e9c100df4dd60a48441f5ed778904beba1a90a9fac1bb250951ac96f,1,-4.03125,1.0234375,5.0625,1.0
69058bdb176a73df48f911db9fd9bb92ef2b1657f2a156db566e65cd41daef7c,1,-4.53125,0.86328125,5.40625,1.0
4d9a040517bea94b2209592b2edd55b01eb641ce4d041789719a612e574f66a5,1,-3.3125,1.0625,4.375,1.0
08aeb5c9aea560dd23ac9bb68464db4f5ee9811e48b6d5478f970001b969ad66,1,-0.69921875,0.8046875,1.5,1.0
f96e1628c483596fa57e1734b6bfe12a492266aff79bc827545fd91667414d76,-1,2.28125,1.8125,0.46875,1.0
039ae4ffd156636c0b232502c59979da5447ca707045e7d47c59a81bd8231471,1,-4.40625,-0.671875,3.734375,1.0
fb04d403dec8f8b17d6d42f47ebd49e42bd3214c0cfe6148d0ea23231c1a7ba7,1,-4.90625,1.2578125,6.15625,1.0
8c15b7a0045d91c6682272fa358008e515c57a899f7b87a2acd5cc0797d27ea8,-1,2.1875,-3.734375,5.9375,1.0
0a4fa63e84a2ac074013b2f234e5216295630f66a6c6ff53fa03cd383b5a1659,-1,1.3671875,-3.6875,5.0625,1.0
1b9d73ef116ee5b8b206a324ac7af8131eb5ea3f778633018dd8a388a8ed1ee7,-1,-0.046142578125,0.203125,-0.2490234375,0.0
2c6022dfe888e7f0ec0461d265a0812e13d6d54f8cdb0a496bf9cde318864dac,1,-2.90625,0.189453125,3.09375,1.0
4efa965626e5acace830084b4a3823cf72b1e8e454f996641709148ae158d477,-1,1.8125,-3.671875,5.5,1.0
728ebab062f5743b077deb8d6a64fbc5a594904efd40e7bd387d9cec31900323,1,-0.466796875,0.59765625,1.0625,1.0
2dc6a6ee1b75404d31b233b9a08366525f1d90dcae5c20f0e25d7f48eb8e4422,1,-3.625,0.4453125,4.0625,1.0
b0e96052901c9231293a2300ada7ed12b680eea1a132dff88894dfcee24ffc59,1,-4.5625,0.39453125,4.96875,1.0
c4fda8bbcb019d0d0c4d64cf58406f0fd692fb1ef1b38db01711278cfc2928c3,-1,-0.287109375,-1.140625,0.8515625,1.0
e73d58738908b142a0de94d8b9abd0872a64811da3fc271b4c3eb8a7dbe7280a,1,0.33984375,0.0673828125,-0.2734375,0.0
819661e85c550522054961302d58d989f3e6a31033fa7c9927d469c85a785e3e,-1,2.1875,-2.859375,5.0625,1.0
8e19f254458ec6b6d58b12998bee0c8fa6683917b04c3e3a0534d82cc7e18b41,1,-0.59375,1.1171875,1.7109375,1.0
364c56cfae29905fb3c0d452286263fe7c32c21305867df35f4b21ed503a8334,1,-0.0673828125,0.306640625,0.375,1.0
e7f20fa768143b59f46884df56e5ef3a252c0ea810f654c1fc9db1f09f953df9,1,-5.59375,-1.1953125,4.40625,1.0
79304f6103a92f6c188bd5345d8d4590a753ae6bd39ae492e1ea65914f4478cb,-1,1.0625,-3.140625,4.1875,1.0
3cac9aba5170c9ee4bf9aa8b162865668df097974ec6f5c678e5ffc3aa9d6d9f,1,0.8828125,1.2890625,0.40625,1.0
984219e2035be9180b9a70d5a122404051f7e2667303f1e79a7605e9d5534779,1,0.6171875,0.326171875,-0.291015625,0.0
63867a36ccb9dceb593865b2869986c0764db56062231a7a0b8be553f257f7dc,-1,0.1689453125,-0.275390625,0.4453125,1.0
f60c6f17c105434aa3832000a883b644df2f56c202aacceb3a6600eebb109ca4,1,-5.0625,1.640625,6.6875,1.0
1fabb22eeeb9c851304a2a5d86f9fd856354ff0c98fa40e518900819488e22a7,-1,1.546875,-1.1953125,2.75,1.0
f6f176afdaa2fc2084155f720799ed511390826aec4c4c296188947e4bef6d05,-1,-1.7109375,-1.015625,-0.6953125,0.0
7fa6d2dffa23204d1a867c5f91dd960564891053694511bad6f2b257c94ff05d,1,-0.25390625,-0.2080078125,0.0458984375,1.0
e95688c21e139dcebb88abb0207e5dea8c2e49f023095830abc8ca652566f01d,1,-3.296875,1.4609375,4.75,1.0
b43cd7d0eeff7ef0498eadc785b1e4fc0ffcd257edbaa40ad16d5e9fee3a4873,1,-0.451171875,2.0625,2.515625,1.0
136c88d873b39a788a8c58b57a7d403cd7e5ca9571213f1bbdb81812413dca60,-1,-0.2216796875,-4.0625,3.84375,1.0
3c63049d3dc9e93506bcbf841a27e8862b6f41cee342e95750c03b8692c3e36b,-1,0.390625,2.15625,-1.765625,0.0
079ef7628f2325bba47cb90c9aeff12de26336c96bb2cc92008cdca91a6f5911,1,0.55078125,1.1796875,0.62890625,1.0
5025cf94427c967c2a46f93ca312754e93c589a7840f79715f158b61b25ebc54,1,0.50390625,0.4453125,-0.05859375,0.0
e861804975ba6ae9b99d3dbd3a5097b75932e06a65464e66de7b5aca52c90b27,-1,1.6328125,1.09375,0.5390625,1.0
2a3ac7ed3c20ceba0c12a846f09f9504c4760f1fd362b0d6e4b90411f1aee2d5,-1,1.4140625,-1.2578125,2.671875,1.0
9b0d8ca78e0d7b405e9100e5cf3be92fb1e85fb5d7c488bd5122a7433312b263,-1,0.9765625,1.6328125,-0.65625,0.0
1ebb16e53cd095e5588adc12466c757b50f8c72e656cd05de652e57657a1cacc,-1,-0.33984375,-1.59375,1.25,1.0
b3403be402d51051622f824abd9587b4c3dbd6b380043c6f4d1258a3f2f302d6,1,-3.09375,-0.6875,2.40625,1.0
825b005cdcf77ac80a96b89501459dedc4c2fa6191be525318653adb62609c06,-1,0.30859375,-0.984375,1.296875,1.0
e8998667a4c4888cfe8a9144673b790838870de1c84c1d6d2fb4219cb51e94f2,-1,0.87109375,0.427734375,0.443359375,1.0
b2cfa5d43de599ac1463cf616863ed28d231b4e5d1be6453ba19d3df96a27020,1,0.412109375,0.7109375,0.298828125,1.0
208652927e559c036bc6fe99bfca64f65f975d36cd38fe9280002b51c52e46f9,1,-0.88671875,0.6171875,1.5,1.0
4a5b78f58728a204832cccaf279f02906d5cbe03e1125d43d1d8dc18e09374ae,-1,0.39453125,1.203125,-0.80859375,0.0
29d20c54a57dcb0d505e5bad42ef8d71497d27839ae454c3e7f7bece215ad4e0,1,-0.41796875,0.62109375,1.0390625,1.0
8a899ca07592af0c9afde687064cb67f0979ec5aac4e5ebe599de600d50d899c,-1,-0.921875,-1.125,0.203125,1.0
d45efb37364a8e0c616e15aa2395c880e0984fd2e5a46e1679db8aee97b3faba,-1,2.21875,-4.4375,6.65625,1.0
cf2a0c4b3834a14405c169daa3bd15e1cfd4ea9a55e1aeb5ac19a1317bfd9cf3,1,1.265625,2.484375,1.21875,1.0
01232b66a24693eb1710f78ca885e1a39d7cbe1268cea14daf36d169f31c33dd,1,0.1630859375,1.84375,1.6796875,1.0
4908bc46fe026d851dcf5ceac7d24e03f0ddf1721261818b173539180caefc4d,1,-0.76953125,1.1171875,1.890625,1.0
f739fd59e086553eeb2eaf08a6d936a73f68242c3924fdf5de12e946af251ada,-1,2.34375,-2.59375,4.9375,1.0
510a6eccf76492f411b2bbd83ac4de62a54e239ef933c65adde7683efe4581f9,-1,1.765625,1.3046875,0.4609375,1.0
d134e22491648e36716b812bd854c50e94de203311718db79340861918bfac09,-1,2.46875,-3.703125,6.1875,1.0
8dd46d1aa25f147f2c2449dd0144af362552e46cccdba0081c024405032891d9,-1,1.046875,-0.453125,1.5,1.0
0b140a8079542663170eba7f7936a37ebe64cccdfd7299feccb49ecfdd38f4ff,-1,2.59375,2.90625,-0.3125,0.0
86a2abfd9f660be4b5892e5e1271c0522d7408d7999208bbd379b1cd3fa489eb,-1,2.359375,-4.1875,6.5625,1.0
6de4e098c8d27cee885374bcc8ac29074cecf5936aa52aeb86d938c35dfdbd22,1,-2.515625,0.98828125,3.5,1.0
b2d89e20c0ec4c2bd4471b0084f39d992280b8072cc4f697d6c54eae4eda6e56,-1,1.4453125,0.7890625,0.65625,1.0
73c672a335befa3bb432b1b0afe852d00e3e4fc9f969f4404148ccd43da732da,-1,0.38671875,0.057861328125,0.328125,1.0
fff8b1f5439eebf31a694f9daf03d8ae44f92499aa34ffe771e1986c6e2b1295,-1,1.1796875,-4.4375,5.625,1.0
40a276d42a54c6e612c09d6ab818aac7616de9d8d70457c315140b020f07acfb,-1,1.8359375,2.40625,-0.5703125,0.0
8a1258e59193567f55cf24156ada33e7a1b872b87f96d0e1ddc8346e92c42898,1,-4.78125,0.73046875,5.5,1.0
196ce133c3966731bf7e3e3cbb2beb6385eb259ed960b0fbba187b04febf1e9d,-1,1.3046875,-4.25,5.5625,1.0
b591a20bc583f177ad0856e913cec25039e9b98792c2c3ca6f8fc324956a5076,-1,-1.546875,-4.3125,2.765625,1.0
9fa4c8ea75b3eb26a21a5fe5df1f3799a6f2d2114acca4b292990d1466092ce8,1,-0.0341796875,-0.5390625,-0.50390625,0.0
208b9880582e1ba5777e5da651c9b4de81bfdb07c071b1e939a938fe3ebc8296,-1,2.0,2.109375,-0.109375,0.0
bdb2f7c099cff3010550efaaf3f4ae74df596a2983cdd9e1ab193649bcc8078f,1,-5.03125,-5.6875,-0.65625,0.0
e2892eaec47a64ef88cb2f8732c33fe4800f5be2e3099f705aeb538231050f36,1,-0.5390625,1.0703125,1.609375,1.0
ab3b15471ce08d9dc98f21ba17b1c76d69f2f5c065095bc53e8434cf297db735,1,-2.0,-2.4375,-0.4375,0.0
8133e2360869bd6191bc6d38d0196f8410a4f751bb7795ac3c5fb18dd2cc4e65,1,-1.6328125,2.984375,4.625,1.0
eef16eb4770f59d51c9b40db4969a9c2ed56db4b4c0dea75837f76e7bbdaa1ef,-1,-0.8828125,-2.171875,1.2890625,1.0
2cc44893912b55b886fd2f901c6bac87da0fbc55ac06489744af503dae63408e,-1,2.0625,1.625,0.4375,1.0
89e13be3034a546bc549c2d783942f980ddb116682c4c55a954e2c81e0e20da0,1,1.9921875,1.5,-0.4921875,0.0
36633fb6439dcaa28d18b9e58ef0613618f434d8446509076f217008c5c78b91,1,0.08935546875,2.34375,2.25,1.0
969c7cc019ab531fea0002ce6a7d362bf017d89089d8b96886ce84216a9aa2a3,1,0.271484375,-0.01190185546875,-0.283203125,0.0
050037115e4f33d3afbb7eab12284ff6cf3fd45ea44230261c7537b8d3f2367e,1,1.2734375,3.046875,1.7734375,1.0
62987f20e346da0f4fb33a0020b39e4e854fb04678785be523adea118f659ee4,1,-4.4375,1.296875,5.75,1.0
afb7d19cc63cc14f577feae7e76b11e2fb886c6ddb11a9cfe3414aabcc4670c0,1,-3.8125,-4.34375,-0.53125,0.0
4c8b3328bd5248aec3cb01060dcb008b7ec72a259df68fa8db031ccc073a9ebc,-1,3.5625,-0.30859375,3.875,1.0
217499324792cbdad88dc477c5017f064e2523c744b5c9b4b86436b9f94c8e7c,1,1.6015625,2.328125,0.7265625,1.0
da0296d461a2c7c4da879a2b277af01ee89318c1f98ff200aa22ac7f5d85a538,1,0.71875,2.125,1.40625,1.0
eba8598f4ca695422e69e0be807ece60f41deed5391edef0fca83705de0ff7d2,-1,0.2119140625,-1.3203125,1.53125,1.0
5a507c382b0eeca9a71bce0e5d8d0c754d7e4f43e19693694db207a5e286459f,-1,0.291015625,-0.86328125,1.15625,1.0
a8e208930123e648078bb5daaa907fe5fc5824c377c8a98d18e730681c9482ab,-1,-0.8359375,0.73046875,-1.5625,0.0
fadff65f1644a35557dd03d01964022a2e8319aede7d7d7b91d9f27e2d68e56c,1,-2.71875,-0.81640625,1.90625,1.0
3158b4b6ef4131c77e196000dce7478015f61cb718a4d5c087b507457d6a69e5,-1,1.0546875,-2.265625,3.3125,1.0
a8ca08e59a3c1f26eb8ed04f5a40e1bd0c8223dc82f4d9b26d39fb214f13e52d,1,1.3984375,1.0859375,-0.3125,0.0
97b01c8454984d95972ada2debdd0933e8821abe0d4f1dbe8b6f1a5dd84268be,1,-3.90625,-3.03125,0.875,1.0
ae3d366795bd44bb6580d0f0d9600383a95d5dd3f6c7c9518bcc906e8b74ae82,-1,0.9375,-4.65625,5.59375,1.0
c86c212b580e89776efe74390daeba33e650a557adc964488cd2d6e7fc3e7997,1,-4.53125,-0.439453125,4.09375,1.0
c998a96cf3c939ec4e14994a1bc73d19a590f7a0773d40ec8a8546a7c282bb3c,-1,-0.412109375,-0.283203125,-0.12890625,0.0
8c42e190518e180024f79c47a71a290973099ef6e5323be1832dc97d4ecab342,1,1.0703125,2.296875,1.2265625,1.0
49515c422ba0938bcd3bbdf01199d7169410399972fdf056fa3bb96320533040,1,-0.98828125,0.1748046875,1.1640625,1.0
41dc0a10d31d952a5d6413b4bea027b6e23b69b2e4310de0ed360a5b6e1cb938,1,0.28515625,1.484375,1.203125,1.0
d4f2992bbde29bcc86bc73b013f7de60ca7de05481a7dd28f050625bf5e68afd,1,-3.609375,1.5390625,5.15625,1.0
f71deceee20233c5f9bc94fd0d51881320b0406751cabf25d5409f00d0fcb31d,1,-0.3359375,1.65625,1.9921875,1.0
8f04dd29edb4d0bc339f680809bf74c62a0f516ea4d74f19bb85d1681487e32b,-1,0.08544921875,-3.75,3.828125,1.0
3c24849ea61b7438241be8529ef7b52cb31c9dbbebf62ab43ecfb8956f0d0cc0,1,-0.1142578125,-0.625,-0.51171875,0.0
6397dd45530a1a89ca9c9ccc1906face7b15f4d941ff6a63dc82c3e1e9b2e7e4,1,-2.78125,2.578125,5.375,1.0
0e4be1b5276bf795624a8b834b915d7cba32df64c10098601574b2ef3603ce60,-1,2.234375,-0.02001953125,2.25,1.0
309d7091590623053e2642a4ca5540739f876c4586bf0310badc91535ff183c8,1,-4.90625,0.07958984375,5.0,1.0
93c62280fb366f78dc4864448b4ca799b2f3b2b57b7d2369de48989e7ec1fbcb,1,-4.53125,0.64453125,5.1875,1.0
68a7e809ee7244c46b65a7d08560496593dcfe66896d49bc4f7bdfe9c2549dfd,1,1.6015625,1.3125,-0.2890625,0.0
31b647dda9faf0920329215a479791015a714dc93b330f405867743901ebb623,-1,-0.88671875,0.37109375,-1.2578125,0.0
f6d29fdefa7628994a1c70fe81248d7af21933c7b2c3764c91bec82e8715b968,-1,0.84765625,-5.21875,6.0625,1.0
ab20b185bd1e600f2838b663384e6936572f16e0e9c3b9ba45e727855531da9f,-1,-0.94140625,-0.703125,-0.23828125,0.0
6463666b8973138fe720c15df449383790270d08389fcb87e99f321859e4fad1,1,-5.09375,1.453125,6.5625,1.0
ae0c72b2de8a31f94d7cc8d00f71e1a9ecb697d22a855acf61b8c7720641fd21,1,-1.59375,-0.431640625,1.1640625,1.0
21afb0f9cfae6d3c74f1e7e798f222d5d0b70b369120eea2b9ab2567084a9b7a,1,-0.1806640625,-0.6796875,-0.5,0.0
5328781fbb3ff936a1dec9dc3424105baedbe7c2f71bdea945a8e61664c1279b,1,-0.7890625,2.4375,3.21875,1.0
3293af35e82cf6aa6678ce2ae28e3d7cda4c7c10179c9a6e84b30724234426a6,-1,-1.9609375,-5.90625,3.9375,1.0
15a66cf9ae76cc69df460c8a06dd7a3b4de003ea9c6619a0422af86ef2add569,1,-4.21875,0.390625,4.625,1.0
2ed41625c6e362d191455195ac62dcf774d36e2fb399ace034d888d1f1ead6b3,1,0.049072265625,2.09375,2.046875,1.0
6c76efdb7e913a6cb2aee8a55b86c19c90ca438f248438e9abdcd5c9bb0b32ab,1,0.322265625,0.90234375,0.578125,1.0
1f09981e35cb30552358131fc51a839372550700b4bd754b238a95c7cfabecb7,-1,1.4296875,0.1787109375,1.25,1.0
416c0d732061ebf58e8f3018f7ed73c63a76f05127e81eebd812160a4f6fb5aa,-1,2.515625,-0.042236328125,2.5625,1.0
626bd712d1ea7a5d584fcd6e17bf176daa21b04e7d2020ebe90fbb173356c7ae,-1,1.7421875,1.515625,0.2265625,1.0
843947a466b16d6dc83109bf78aec1d6bf93c0bae6e484b833d244e12696ad0e,-1,0.9140625,-1.8125,2.71875,1.0
e5e764c54de59a5e448023ec9be5fa2bcc45e370a366221c871b1330e73c993b,1,0.40234375,-0.33984375,-0.7421875,0.0
5288a342207dbf431dbd73a02dd287bc1889ea7c589d3eae61bc0855c02633ce,-1,1.8046875,0.46875,1.3359375,1.0
7e052ece6d9e2ebcfc187867c6ac8dceba4a5034a96ad601a3281e624884aada,1,-4.46875,1.0625,5.53125,1.0
ce5fc65c872ab39b488b79d672cb0521dea3783377df1f8810239852596a3b8b,1,1.1484375,2.40625,1.2578125,1.0
8317806826aecf025be3da4604eb3529b920888e710cded88728d5ef13f23f30,1,-0.54296875,1.1171875,1.65625,1.0
e96c1612b5cf785b45b355aaf6736deb269cb8713c226e9a2767b1757eb0dff6,1,-5.28125,1.7734375,7.0625,1.0
3a9bf064b66af6f38247d9d5756e0552f4d4d77147dfb571958c6c0b4a299b65,-1,0.4296875,-4.4375,4.875,1.0
10ac8da1364cf8210e6d3f37eaf42053670d1169bc7290164f16979ebab0fd80,-1,-0.03076171875,-1.734375,1.703125,1.0
0a413271b3709ccbfa63f4b788030c93f7fb19d6d6e568bd7572e312a9134801,1,1.203125,1.7578125,0.5546875,1.0
5ea9a65bbe041a636775dabbb0f8aca7198e692c8ac0e9c210db0b243b9ba67a,1,-3.453125,1.6484375,5.09375,1.0
fac90fd4221f6b4654b2cfe484ad2e97a598378df343ab5a1a9591c77369212d,1,-2.109375,1.1484375,3.25,1.0
34674aadd90ee383c875ef4075a8e1740594de054bfa15872dc7f0fa7b75d247,-1,0.91796875,0.365234375,0.5546875,1.0
f8b656ab1b360fee46e4197c292c2282c52f09eaa9ac8af085f1298c7b024647,-1,0.341796875,-0.109375,0.451171875,1.0
93d13a217a6059f0f3f1b5f5187245b3440fa8d369350e993177c48ee067eaff,1,-0.419921875,0.0311279296875,0.451171875,1.0
a34f07566a537ebdc337fc97bd2aa35346c4bfc7ef625c51f0e54019883d47fb,1,-3.484375,1.953125,5.4375,1.0
9fa33501876444fb1d2c39bb4c3c0875b6c846083b027bc1ec6e1c062f5a6288,-1,-0.373046875,0.82421875,-1.1953125,0.0
d4969297695a81821919a52d1e7d8d44d545b666bc50cb31abc3e09ad21a0118,1,-1.3203125,-0.271484375,1.046875,1.0
86533e5f5b75c27ceb69f8359d749545a546158df44f1444d77073bda9af912b,-1,0.61328125,0.4453125,0.16796875,1.0
e4b52bbf843ad2f8219b7c34f27ba20c911f78eeedc1b733b1f7f1c992a3f6d7,1,-0.2890625,-0.271484375,0.017578125,1.0
3c12f3686692edb72f634f5361105618a8d427543eca95d1d29d0b999686cc9f,1,1.46875,0.7421875,-0.7265625,0.0
8494f505182bf84772ab6c90244d4e65a8416cafb93db629a6f8da4378d8505c,-1,1.609375,-2.15625,3.765625,1.0
0fea110e8d313bb382dbdcedb8056e95be0a0d39c3dbb182a214fdb47cd03b6f,-1,1.7734375,-0.439453125,2.21875,1.0
1d1533751a9649188a641c6b9cbe61cb73f1bba7f38f62b5e45fa578434d2035,1,1.96875,1.6640625,-0.3046875,0.0
