model,seed,boundary,fraction,evaluation_set,n,accuracy,margin_mean,margin_std,positive_margin_rate
word_tfidf_bt,20260727,naive,0.2,target,512,0.505859375,-0.11907220672196596,0.060075688915082415,0.037109375
word_tfidf_bt,20260727,naive,0.2,clean_validation,512,0.470703125,-0.11882840686402643,0.05032413722429368,0.015625
word_tfidf_bt,20260727,naive,0.2,untouched_clean_test,512,0.501953125,-0.12184065746813678,0.05304709375415977,0.013671875
word_tfidf_bt,20260727,naive,0.2,external,372,0.4838709677419355,-0.10970488283297222,0.06750064197610726,0.043010752688172046
word_tfidf_bt,20260727,naive,0.4,target,512,0.552734375,-0.07710233902303615,0.08703586555658367,0.138671875
word_tfidf_bt,20260727,naive,0.4,clean_validation,512,0.462890625,-0.07426559676259226,0.07345866628358931,0.125
word_tfidf_bt,20260727,naive,0.4,untouched_clean_test,512,0.5,-0.07982178055938743,0.0776694970436435,0.1328125
word_tfidf_bt,20260727,naive,0.4,external,372,0.5403225806451613,-0.06517599736212842,0.09523432399054524,0.22311827956989247
word_tfidf_bt,20260727,naive,0.6,target,512,0.568359375,-0.08064204406169781,0.1123149567764013,0.169921875
word_tfidf_bt,20260727,naive,0.6,clean_validation,512,0.48046875,-0.07681504111461981,0.09307870268384666,0.154296875
word_tfidf_bt,20260727,naive,0.6,untouched_clean_test,512,0.484375,-0.08007099809563664,0.09524624840101692,0.16015625
word_tfidf_bt,20260727,naive,0.6,external,372,0.5295698924731183,-0.06579625027078609,0.11916504542270591,0.260752688172043
word_tfidf_bt,20260727,naive,0.8,target,512,0.611328125,-0.06471051453556256,0.12699847966553382,0.232421875
word_tfidf_bt,20260727,naive,0.8,clean_validation,512,0.478515625,-0.05973081037587051,0.10755933836015646,0.23046875
word_tfidf_bt,20260727,naive,0.8,untouched_clean_test,512,0.482421875,-0.06259463690319192,0.11176419964164701,0.240234375
word_tfidf_bt,20260727,naive,0.8,external,372,0.532258064516129,-0.0463212299228965,0.13353033008853693,0.3225806451612903
word_tfidf_bt,20260727,naive,1.0,target,512,0.64453125,-0.034721456878149315,0.1449394672809974,0.35546875
word_tfidf_bt,20260727,naive,1.0,clean_validation,512,0.505859375,-0.028114634992662584,0.1234649824794645,0.34375
word_tfidf_bt,20260727,naive,1.0,untouched_clean_test,512,0.474609375,-0.032145538529151724,0.12802167528257608,0.337890625
word_tfidf_bt,20260727,naive,1.0,external,372,0.5376344086021505,-0.016570733367666242,0.15206227291922142,0.43548387096774194
word_tfidf_bt,20260727,safe,0.2,target,512,0.5,-0.10768754509475023,0.04948043389540011,0.0234375
word_tfidf_bt,20260727,safe,0.2,clean_validation,512,0.474609375,-0.1056013007028388,0.047563974820369205,0.015625
word_tfidf_bt,20260727,safe,0.2,untouched_clean_test,512,0.501953125,-0.10985393612311709,0.05028623200860854,0.021484375
word_tfidf_bt,20260727,safe,0.2,external,372,0.5053763440860215,-0.09781851469487848,0.06166535212224074,0.04838709677419355
word_tfidf_bt,20260727,safe,0.4,target,512,0.51953125,-0.07624373711076884,0.0700791863875366,0.10546875
word_tfidf_bt,20260727,safe,0.4,clean_validation,512,0.46875,-0.07281291639136131,0.06940968559438414,0.119140625
word_tfidf_bt,20260727,safe,0.4,untouched_clean_test,512,0.4921875,-0.0785495739471077,0.07159630370640496,0.12109375
word_tfidf_bt,20260727,safe,0.4,external,372,0.5483870967741935,-0.06362609052651956,0.09011594630404562,0.20430107526881722
word_tfidf_bt,20260727,safe,0.6,target,512,0.51953125,-0.0757624859643117,0.08857317877698087,0.14453125
word_tfidf_bt,20260727,safe,0.6,clean_validation,512,0.478515625,-0.07245113339541713,0.08899761473157615,0.1640625
word_tfidf_bt,20260727,safe,0.6,untouched_clean_test,512,0.484375,-0.07633329340281259,0.08944837900261865,0.15625
word_tfidf_bt,20260727,safe,0.6,external,372,0.5403225806451613,-0.06180351854060544,0.11451890585551826,0.2661290322580645
word_tfidf_bt,20260727,safe,0.8,target,512,0.53125,-0.051504811385835056,0.10130598330817818,0.2421875
word_tfidf_bt,20260727,safe,0.8,clean_validation,512,0.48828125,-0.0483489829539957,0.10468889581785881,0.267578125
word_tfidf_bt,20260727,safe,0.8,untouched_clean_test,512,0.46875,-0.05089730977569926,0.10535087493193895,0.26171875
word_tfidf_bt,20260727,safe,0.8,external,372,0.5376344086021505,-0.03492199887434729,0.1308496397081054,0.3709677419354839
word_tfidf_bt,20260727,safe,1.0,target,512,0.498046875,-0.02909469341165656,0.1187184996275801,0.349609375
word_tfidf_bt,20260727,safe,1.0,clean_validation,512,0.501953125,-0.024951146949920965,0.1225765667882931,0.37109375
word_tfidf_bt,20260727,safe,1.0,untouched_clean_test,512,0.458984375,-0.028431149550363195,0.12535727031796126,0.349609375
word_tfidf_bt,20260727,safe,1.0,external,372,0.5564516129032258,-0.011772815942513719,0.15378153248502904,0.4596774193548387
word_tfidf_bt,20260728,naive,0.2,target,512,0.5625,0.013498627309879923,0.06080289307254662,0.625
word_tfidf_bt,20260728,naive,0.2,clean_validation,512,0.53125,0.015393978331230077,0.047520521033191813,0.669921875
word_tfidf_bt,20260728,naive,0.2,untouched_clean_test,512,0.501953125,0.014363180863421761,0.04882124220707245,0.603515625
word_tfidf_bt,20260728,naive,0.2,external,372,0.5564516129032258,0.021565279641964863,0.059521144002950846,0.6370967741935484
word_tfidf_bt,20260728,naive,0.4,target,512,0.529296875,-0.11861403428100635,0.08457378511676979,0.072265625
word_tfidf_bt,20260728,naive,0.4,clean_validation,512,0.48046875,-0.11143694727283657,0.0686593401130058,0.048828125
word_tfidf_bt,20260728,naive,0.4,untouched_clean_test,512,0.49609375,-0.11516177015104291,0.06977756881859758,0.05859375
word_tfidf_bt,20260728,naive,0.4,external,372,0.510752688172043,-0.10246105215331187,0.09036362855401202,0.12365591397849462
word_tfidf_bt,20260728,naive,0.6,target,512,0.560546875,-0.10294024044655209,0.10466682095345581,0.111328125
word_tfidf_bt,20260728,naive,0.6,clean_validation,512,0.4609375,-0.09756014472623692,0.08833542838968225,0.107421875
word_tfidf_bt,20260728,naive,0.6,untouched_clean_test,512,0.4765625,-0.0992936735710755,0.08860592726728442,0.11328125
word_tfidf_bt,20260728,naive,0.6,external,372,0.5241935483870968,-0.08912076184658961,0.11515662303424763,0.19623655913978494
word_tfidf_bt,20260728,naive,0.8,target,512,0.60546875,-0.07214268743371674,0.12667795999145598,0.22265625
word_tfidf_bt,20260728,naive,0.8,clean_validation,512,0.4765625,-0.06611942778050409,0.10527879610701862,0.212890625
word_tfidf_bt,20260728,naive,0.8,untouched_clean_test,512,0.470703125,-0.06712076216816158,0.10771491679305416,0.208984375
word_tfidf_bt,20260728,naive,0.8,external,372,0.5349462365591398,-0.05358065297017257,0.13576789598756342,0.31451612903225806
word_tfidf_bt,20260728,naive,1.0,target,512,0.64453125,-0.0347214568781475,0.14493946728099738,0.35546875
word_tfidf_bt,20260728,naive,1.0,clean_validation,512,0.505859375,-0.02811463499266077,0.12346498247946444,0.34375
word_tfidf_bt,20260728,naive,1.0,untouched_clean_test,512,0.474609375,-0.03214553852914992,0.12802167528257605,0.337890625
word_tfidf_bt,20260728,naive,1.0,external,372,0.5376344086021505,-0.016570733367664434,0.1520622729192214,0.43548387096774194
word_tfidf_bt,20260728,safe,0.2,target,512,0.494140625,0.00727814820994774,0.04755837129373598,0.580078125
word_tfidf_bt,20260728,safe,0.2,clean_validation,512,0.544921875,0.010517472621811182,0.04648544885015401,0.625
word_tfidf_bt,20260728,safe,0.2,untouched_clean_test,512,0.482421875,0.007759165369985669,0.048113009855646295,0.552734375
word_tfidf_bt,20260728,safe,0.2,external,372,0.5645161290322581,0.01446749066036949,0.05995944850212922,0.6182795698924731
word_tfidf_bt,20260728,safe,0.4,target,512,0.513671875,-0.09789415493178141,0.07079197338414436,0.076171875
word_tfidf_bt,20260728,safe,0.4,clean_validation,512,0.48828125,-0.09388153096476375,0.07033286493778519,0.076171875
word_tfidf_bt,20260728,safe,0.4,untouched_clean_test,512,0.484375,-0.09795454579904962,0.07141353257692139,0.078125
word_tfidf_bt,20260728,safe,0.4,external,372,0.5268817204301075,-0.0856490624928229,0.09087916164237086,0.15591397849462366
word_tfidf_bt,20260728,safe,0.6,target,512,0.517578125,-0.08884959498218448,0.08747032066175768,0.119140625
word_tfidf_bt,20260728,safe,0.6,clean_validation,512,0.4609375,-0.0858489683178211,0.090718195534293,0.126953125
word_tfidf_bt,20260728,safe,0.6,untouched_clean_test,512,0.4765625,-0.08866958497804633,0.08930975820425593,0.1328125
word_tfidf_bt,20260728,safe,0.6,external,372,0.5295698924731183,-0.0761295597339908,0.11616660164019756,0.22849462365591397
word_tfidf_bt,20260728,safe,0.8,target,512,0.513671875,-0.06194230759504675,0.10211518710783082,0.216796875
word_tfidf_bt,20260728,safe,0.8,clean_validation,512,0.474609375,-0.06034533460095054,0.10515473662992741,0.23046875
word_tfidf_bt,20260728,safe,0.8,untouched_clean_test,512,0.47265625,-0.06151264881486202,0.10515624208911982,0.234375
word_tfidf_bt,20260728,safe,0.8,external,372,0.5376344086021505,-0.047909779378913615,0.13534704651441073,0.3279569892473118
word_tfidf_bt,20260728,safe,1.0,target,512,0.498046875,-0.02909469341165348,0.1187184996275801,0.349609375
word_tfidf_bt,20260728,safe,1.0,clean_validation,512,0.501953125,-0.024951146949917888,0.1225765667882931,0.37109375
word_tfidf_bt,20260728,safe,1.0,untouched_clean_test,512,0.458984375,-0.028431149550360114,0.12535727031796126,0.349609375
word_tfidf_bt,20260728,safe,1.0,external,372,0.5564516129032258,-0.011772815942510643,0.15378153248502904,0.4596774193548387
word_tfidf_bt,20260729,naive,0.2,target,512,0.525390625,-0.05171317310832163,0.050504977525798765,0.119140625
word_tfidf_bt,20260729,naive,0.2,clean_validation,512,0.466796875,-0.0498595124771179,0.0463741912188813,0.12890625
word_tfidf_bt,20260729,naive,0.2,untouched_clean_test,512,0.5,-0.05395258793601332,0.05014314873987706,0.1171875
word_tfidf_bt,20260729,naive,0.2,external,372,0.521505376344086,-0.04813910042351183,0.060161393925085065,0.1774193548387097
word_tfidf_bt,20260729,naive,0.4,target,512,0.578125,-0.042249392056712035,0.0796907679870942,0.23828125
word_tfidf_bt,20260729,naive,0.4,clean_validation,512,0.486328125,-0.0388673647667904,0.07212847939861076,0.234375
word_tfidf_bt,20260729,naive,0.4,untouched_clean_test,512,0.49609375,-0.04025371711547719,0.07365005627090512,0.25390625
word_tfidf_bt,20260729,naive,0.4,external,372,0.5456989247311828,-0.03496524292351941,0.08836263625415211,0.28763440860215056
word_tfidf_bt,20260729,naive,0.6,target,512,0.626953125,-0.005409460668580403,0.10212652822359297,0.458984375
word_tfidf_bt,20260729,naive,0.6,clean_validation,512,0.505859375,-0.0008865871376325614,0.09062551569936024,0.48828125
word_tfidf_bt,20260729,naive,0.6,untouched_clean_test,512,0.48828125,-0.0044553688280048204,0.09135375014317276,0.4296875
word_tfidf_bt,20260729,naive,0.6,external,372,0.553763440860215,0.008486349298879878,0.10985755784412005,0.532258064516129
word_tfidf_bt,20260729,naive,0.8,target,512,0.638671875,-0.007642559510722768,0.12095792466816647,0.447265625
word_tfidf_bt,20260729,naive,0.8,clean_validation,512,0.50390625,-0.002749230806353421,0.10589303399029024,0.455078125
word_tfidf_bt,20260729,naive,0.8,untouched_clean_test,512,0.48828125,-0.006110875017962302,0.1093615631442442,0.41796875
word_tfidf_bt,20260729,naive,0.8,external,372,0.5618279569892473,0.009118401180478203,0.12773295039638324,0.5349462365591398
word_tfidf_bt,20260729,naive,1.0,target,512,0.64453125,-0.03472145687815259,0.1449394672809974,0.35546875
word_tfidf_bt,20260729,naive,1.0,clean_validation,512,0.505859375,-0.028114634992665855,0.12346498247946446,0.34375
word_tfidf_bt,20260729,naive,1.0,untouched_clean_test,512,0.474609375,-0.032145538529155,0.12802167528257608,0.337890625
word_tfidf_bt,20260729,naive,1.0,external,372,0.5376344086021505,-0.016570733367669514,0.1520622729192214,0.43548387096774194
word_tfidf_bt,20260729,safe,0.2,target,512,0.501953125,-0.08166711974395571,0.04754994522652042,0.052734375
word_tfidf_bt,20260729,safe,0.2,clean_validation,512,0.455078125,-0.07947855601703321,0.04845014643432516,0.04296875
word_tfidf_bt,20260729,safe,0.2,untouched_clean_test,512,0.49609375,-0.08275264916582004,0.04918550876552041,0.03125
word_tfidf_bt,20260729,safe,0.2,external,372,0.5026881720430108,-0.07680826052736409,0.059981912404799304,0.08870967741935484
word_tfidf_bt,20260729,safe,0.4,target,512,0.5078125,-0.0675506188458488,0.07017869205345369,0.12890625
word_tfidf_bt,20260729,safe,0.4,clean_validation,512,0.447265625,-0.06298688464728489,0.07556099719228135,0.140625
word_tfidf_bt,20260729,safe,0.4,untouched_clean_test,512,0.484375,-0.06444019151103905,0.07349972503736998,0.1640625
word_tfidf_bt,20260729,safe,0.4,external,372,0.5188172043010753,-0.05733306263177345,0.09485175682418075,0.22849462365591397
word_tfidf_bt,20260729,safe,0.6,target,512,0.529296875,-0.012013441146388295,0.08612357199816974,0.423828125
word_tfidf_bt,20260729,safe,0.6,clean_validation,512,0.51171875,-0.00795631410428266,0.09044573192369915,0.447265625
word_tfidf_bt,20260729,safe,0.6,untouched_clean_test,512,0.478515625,-0.01029113643356294,0.09027687767814413,0.408203125
word_tfidf_bt,20260729,safe,0.6,external,372,0.543010752688172,0.0035487840398408196,0.11316996202164965,0.510752688172043
word_tfidf_bt,20260729,safe,0.8,target,512,0.517578125,-0.011606854551586093,0.10041588817519667,0.416015625
word_tfidf_bt,20260729,safe,0.8,clean_validation,512,0.505859375,-0.008507690282435882,0.10590993839159944,0.45703125
word_tfidf_bt,20260729,safe,0.8,untouched_clean_test,512,0.4609375,-0.010503781965210145,0.10748701016826671,0.39453125
word_tfidf_bt,20260729,safe,0.8,external,372,0.5403225806451613,0.0060284287125821345,0.13103295806827378,0.5134408602150538
word_tfidf_bt,20260729,safe,1.0,target,512,0.498046875,-0.029094693411655683,0.11871849962758008,0.349609375
word_tfidf_bt,20260729,safe,1.0,clean_validation,512,0.501953125,-0.024951146949920087,0.12257656678829308,0.37109375
word_tfidf_bt,20260729,safe,1.0,untouched_clean_test,512,0.458984375,-0.028431149550362314,0.12535727031796126,0.349609375
word_tfidf_bt,20260729,safe,1.0,external,372,0.5564516129032258,-0.011772815942512841,0.15378153248502902,0.4596774193548387
minilm_frozen_bt,20260727,naive,0.2,target,512,0.51171875,-0.11574738644593571,0.10207130860975624,0.08984375
minilm_frozen_bt,20260727,naive,0.2,clean_validation,512,0.46875,-0.11868059420360524,0.09907061411961211,0.091796875
minilm_frozen_bt,20260727,naive,0.2,untouched_clean_test,512,0.46875,-0.12018361659387618,0.10262912023776719,0.09765625
minilm_frozen_bt,20260727,naive,0.2,external,372,0.49731182795698925,-0.11513342465847128,0.14369608900298644,0.1532258064516129
minilm_frozen_bt,20260727,naive,0.4,target,512,0.515625,-0.06355488419674615,0.14843150181038323,0.28515625
minilm_frozen_bt,20260727,naive,0.4,clean_validation,512,0.47265625,-0.06876501558415998,0.14644241228040075,0.291015625
minilm_frozen_bt,20260727,naive,0.4,untouched_clean_test,512,0.49609375,-0.06831183442433236,0.16061992102438244,0.27734375
minilm_frozen_bt,20260727,naive,0.4,external,372,0.5026881720430108,-0.06024114872388048,0.21843920702999117,0.3467741935483871
minilm_frozen_bt,20260727,naive,0.6,target,512,0.5078125,-0.07114260575677936,0.18690823276674554,0.30859375
minilm_frozen_bt,20260727,naive,0.6,clean_validation,512,0.4609375,-0.07083170412870225,0.19691419710811292,0.310546875
minilm_frozen_bt,20260727,naive,0.6,untouched_clean_test,512,0.494140625,-0.07136079190288805,0.19918467958993263,0.298828125
minilm_frozen_bt,20260727,naive,0.6,external,372,0.489247311827957,-0.06724434421500818,0.28029180102088636,0.3763440860215054
minilm_frozen_bt,20260727,naive,0.8,target,512,0.501953125,-0.05492127685429742,0.20497914231696018,0.357421875
minilm_frozen_bt,20260727,naive,0.8,clean_validation,512,0.4609375,-0.04608479914750198,0.217968542766293,0.353515625
minilm_frozen_bt,20260727,naive,0.8,untouched_clean_test,512,0.498046875,-0.0530646421164255,0.22796211197184488,0.388671875
minilm_frozen_bt,20260727,naive,0.8,external,372,0.49193548387096775,-0.04432463901947149,0.312538374639099,0.4274193548387097
minilm_frozen_bt,20260727,naive,1.0,target,512,0.478515625,-0.01912677579895204,0.24680693313251892,0.447265625
minilm_frozen_bt,20260727,naive,1.0,clean_validation,512,0.47265625,-0.01041105367524657,0.2514755274365307,0.458984375
minilm_frozen_bt,20260727,naive,1.0,untouched_clean_test,512,0.509765625,-0.01987149822903836,0.26403723093990505,0.455078125
minilm_frozen_bt,20260727,naive,1.0,external,372,0.4650537634408602,-0.001111164388022244,0.35525854192439543,0.49731182795698925
minilm_frozen_bt,20260727,safe,0.2,target,512,0.5078125,-0.10313376300488022,0.09443384216528627,0.09765625
minilm_frozen_bt,20260727,safe,0.2,clean_validation,512,0.474609375,-0.1084320966106627,0.09080911660898873,0.09375
minilm_frozen_bt,20260727,safe,0.2,untouched_clean_test,512,0.46875,-0.10770346830225543,0.09498185167234702,0.11328125
minilm_frozen_bt,20260727,safe,0.2,external,372,0.45161290322580644,-0.10408546698449068,0.12825665452967722,0.16129032258064516
minilm_frozen_bt,20260727,safe,0.4,target,512,0.50390625,-0.05949489102798007,0.14362032597020882,0.3046875
minilm_frozen_bt,20260727,safe,0.4,clean_validation,512,0.478515625,-0.06901201769502398,0.14153197045177932,0.27734375
minilm_frozen_bt,20260727,safe,0.4,untouched_clean_test,512,0.48046875,-0.063809393876268,0.15652777073656082,0.27734375
minilm_frozen_bt,20260727,safe,0.4,external,372,0.489247311827957,-0.05972246036582681,0.20671813212081153,0.34946236559139787
minilm_frozen_bt,20260727,safe,0.6,target,512,0.498046875,-0.06378823996077918,0.18329223539677006,0.310546875
minilm_frozen_bt,20260727,safe,0.6,clean_validation,512,0.4921875,-0.07011700988251127,0.18856098635315796,0.310546875
minilm_frozen_bt,20260727,safe,0.6,untouched_clean_test,512,0.48046875,-0.06403824319632143,0.1952564972277289,0.328125
minilm_frozen_bt,20260727,safe,0.6,external,372,0.48118279569892475,-0.06237649913392346,0.26645723515937025,0.3629032258064516
minilm_frozen_bt,20260727,safe,0.8,target,512,0.49609375,-0.0378691590082174,0.20426518409196467,0.39453125
minilm_frozen_bt,20260727,safe,0.8,clean_validation,512,0.490234375,-0.037604332218849505,0.2142742469242093,0.390625
minilm_frozen_bt,20260727,safe,0.8,untouched_clean_test,512,0.49609375,-0.036322517399877734,0.22329439458001554,0.40625
minilm_frozen_bt,20260727,safe,0.8,external,372,0.478494623655914,-0.02894891514097446,0.3038117062786112,0.43548387096774194
minilm_frozen_bt,20260727,safe,1.0,target,512,0.484375,-0.009840348402271156,0.2437739346796346,0.4609375
minilm_frozen_bt,20260727,safe,1.0,clean_validation,512,0.494140625,-0.008791223808442206,0.2462400366290473,0.453125
minilm_frozen_bt,20260727,safe,1.0,untouched_clean_test,512,0.4921875,-0.011754515187406497,0.2587297148829409,0.46875
minilm_frozen_bt,20260727,safe,1.0,external,372,0.4731182795698925,0.0043051922822287805,0.34869325199928985,0.5161290322580645
minilm_frozen_bt,20260728,naive,0.2,target,512,0.478515625,0.023707415576407508,0.09561879022116897,0.607421875
minilm_frozen_bt,20260728,naive,0.2,clean_validation,512,0.484375,0.02300152991007054,0.09368514521378411,0.623046875
minilm_frozen_bt,20260728,naive,0.2,untouched_clean_test,512,0.494140625,0.019134021282027673,0.09565548679449909,0.607421875
minilm_frozen_bt,20260728,naive,0.2,external,372,0.5026881720430108,0.03377677590134403,0.1320766498569184,0.6048387096774194
minilm_frozen_bt,20260728,naive,0.4,target,512,0.5,-0.10335700864353631,0.15604072619992668,0.21484375
minilm_frozen_bt,20260728,naive,0.4,clean_validation,512,0.45703125,-0.10141318873714195,0.15874500676949768,0.193359375
minilm_frozen_bt,20260728,naive,0.4,untouched_clean_test,512,0.509765625,-0.10897386883423527,0.1628844385924599,0.197265625
minilm_frozen_bt,20260728,naive,0.4,external,372,0.47043010752688175,-0.08995905411157018,0.22405528589872872,0.28763440860215056
minilm_frozen_bt,20260728,naive,0.6,target,512,0.51953125,-0.08446072737228728,0.1916272935216819,0.27734375
minilm_frozen_bt,20260728,naive,0.6,clean_validation,512,0.455078125,-0.08387701089671366,0.19778759959847975,0.296875
minilm_frozen_bt,20260728,naive,0.6,untouched_clean_test,512,0.51171875,-0.09071348061549869,0.20381727255128862,0.265625
minilm_frozen_bt,20260728,naive,0.6,external,372,0.478494623655914,-0.07613259948654987,0.27207311585750976,0.3709677419354839
minilm_frozen_bt,20260728,naive,0.8,target,512,0.482421875,-0.05462705804800124,0.2238575742043109,0.373046875
minilm_frozen_bt,20260728,naive,0.8,clean_validation,512,0.470703125,-0.04393258218018008,0.22828362199404562,0.3671875
minilm_frozen_bt,20260728,naive,0.8,untouched_clean_test,512,0.50390625,-0.05574455575189695,0.23940043946532863,0.375
minilm_frozen_bt,20260728,naive,0.8,external,372,0.4838709677419355,-0.03750936528113549,0.32286388888522627,0.43548387096774194
minilm_frozen_bt,20260728,naive,1.0,target,512,0.478515625,-0.01912677579895217,0.24680693313251895,0.447265625
minilm_frozen_bt,20260728,naive,1.0,clean_validation,512,0.47265625,-0.01041105367524665,0.25147552743653073,0.458984375
minilm_frozen_bt,20260728,naive,1.0,untouched_clean_test,512,0.509765625,-0.019871498229038453,0.2640372309399051,0.455078125
minilm_frozen_bt,20260728,naive,1.0,external,372,0.4650537634408602,-0.001111164388022354,0.3552585419243955,0.49731182795698925
minilm_frozen_bt,20260728,safe,0.2,target,512,0.4609375,0.015197257697462115,0.09637596874467827,0.55859375
minilm_frozen_bt,20260728,safe,0.2,clean_validation,512,0.4765625,0.014068413938600059,0.0962488967630311,0.591796875
minilm_frozen_bt,20260728,safe,0.2,untouched_clean_test,512,0.484375,0.012967125554332125,0.10093439028456445,0.578125
minilm_frozen_bt,20260728,safe,0.2,external,372,0.5,0.027473154679225995,0.13274455499773494,0.5591397849462365
minilm_frozen_bt,20260728,safe,0.4,target,512,0.51171875,-0.0885329168865566,0.15456838286275357,0.2421875
minilm_frozen_bt,20260728,safe,0.4,clean_validation,512,0.455078125,-0.08695511097382105,0.15803164318155857,0.21484375
minilm_frozen_bt,20260728,safe,0.4,untouched_clean_test,512,0.521484375,-0.09118058917053369,0.16288149935046894,0.228515625
minilm_frozen_bt,20260728,safe,0.4,external,372,0.4650537634408602,-0.07128224611355166,0.21442059151110993,0.32526881720430106
minilm_frozen_bt,20260728,safe,0.6,target,512,0.521484375,-0.07509049496034256,0.18325508603413346,0.298828125
minilm_frozen_bt,20260728,safe,0.6,clean_validation,512,0.455078125,-0.07732341765903514,0.18801125795481802,0.28515625
minilm_frozen_bt,20260728,safe,0.6,untouched_clean_test,512,0.490234375,-0.07626670677914876,0.1949038456865318,0.287109375
minilm_frozen_bt,20260728,safe,0.6,external,372,0.4489247311827957,-0.06552146587653726,0.253353558824799,0.3629032258064516
minilm_frozen_bt,20260728,safe,0.8,target,512,0.486328125,-0.04481015256242587,0.22122977004367864,0.388671875
minilm_frozen_bt,20260728,safe,0.8,clean_validation,512,0.474609375,-0.04123808782048004,0.22255417557149942,0.37109375
minilm_frozen_bt,20260728,safe,0.8,untouched_clean_test,512,0.498046875,-0.04304103712488428,0.2331758273450926,0.376953125
minilm_frozen_bt,20260728,safe,0.8,external,372,0.48655913978494625,-0.03176280529112504,0.30868597148311283,0.4489247311827957
minilm_frozen_bt,20260728,safe,1.0,target,512,0.484375,-0.009840348402272017,0.24377393467963465,0.4609375
minilm_frozen_bt,20260728,safe,1.0,clean_validation,512,0.494140625,-0.008791223808443067,0.2462400366290474,0.453125
minilm_frozen_bt,20260728,safe,1.0,untouched_clean_test,512,0.4921875,-0.011754515187407333,0.258729714882941,0.46875
minilm_frozen_bt,20260728,safe,1.0,external,372,0.4731182795698925,0.004305192282227916,0.34869325199929,0.5161290322580645
minilm_frozen_bt,20260729,naive,0.2,target,512,0.49609375,-0.0472384283730798,0.09463342808615814,0.2734375
minilm_frozen_bt,20260729,naive,0.2,clean_validation,512,0.453125,-0.054333183578273256,0.09081891272796005,0.220703125
minilm_frozen_bt,20260729,naive,0.2,untouched_clean_test,512,0.48828125,-0.04838796101917467,0.09916287255982852,0.25390625
minilm_frozen_bt,20260729,naive,0.2,external,372,0.4596774193548387,-0.045318330992000194,0.132058286963345,0.33602150537634407
minilm_frozen_bt,20260729,naive,0.4,target,512,0.517578125,-0.03346597661586948,0.15216559993429546,0.373046875
minilm_frozen_bt,20260729,naive,0.4,clean_validation,512,0.453125,-0.04053818305216818,0.1498746495640068,0.353515625
minilm_frozen_bt,20260729,naive,0.4,untouched_clean_test,512,0.49609375,-0.03584441285151277,0.15765147548328504,0.37109375
minilm_frozen_bt,20260729,naive,0.4,external,372,0.47043010752688175,-0.030698536293637776,0.20657294611570523,0.40053763440860213
minilm_frozen_bt,20260729,naive,0.6,target,512,0.501953125,0.005519856787531174,0.18741675829232446,0.501953125
minilm_frozen_bt,20260729,naive,0.6,clean_validation,512,0.458984375,0.0038507720550910885,0.1938678956985185,0.49609375
minilm_frozen_bt,20260729,naive,0.6,untouched_clean_test,512,0.490234375,0.004347347822599012,0.20217077651901122,0.501953125
minilm_frozen_bt,20260729,naive,0.6,external,372,0.478494623655914,0.01355198004223527,0.26054272980987164,0.5053763440860215
minilm_frozen_bt,20260729,naive,0.8,target,512,0.50390625,0.0013820626483408791,0.22203144870878044,0.48046875
minilm_frozen_bt,20260729,naive,0.8,clean_validation,512,0.46484375,0.009910226125306048,0.22772422006355802,0.494140625
minilm_frozen_bt,20260729,naive,0.8,untouched_clean_test,512,0.4921875,0.0057376075196146886,0.2397312150470879,0.50390625
minilm_frozen_bt,20260729,naive,0.8,external,372,0.46774193548387094,0.015369546635205919,0.3118275718919372,0.5268817204301075
minilm_frozen_bt,20260729,naive,1.0,target,512,0.478515625,-0.019126775798952347,0.24680693313251892,0.447265625
minilm_frozen_bt,20260729,naive,1.0,clean_validation,512,0.47265625,-0.010411053675246857,0.2514755274365306,0.458984375
minilm_frozen_bt,20260729,naive,1.0,untouched_clean_test,512,0.509765625,-0.01987149822903866,0.26403723093990505,0.455078125
minilm_frozen_bt,20260729,naive,1.0,external,372,0.4650537634408602,-0.0011111643880225594,0.3552585419243954,0.49731182795698925
minilm_frozen_bt,20260729,safe,0.2,target,512,0.5078125,-0.07795625672885864,0.09480716878048505,0.171875
minilm_frozen_bt,20260729,safe,0.2,clean_validation,512,0.466796875,-0.08508197751270066,0.0917627169943757,0.15234375
minilm_frozen_bt,20260729,safe,0.2,untouched_clean_test,512,0.484375,-0.07641219769177854,0.10003350578249275,0.1953125
minilm_frozen_bt,20260729,safe,0.2,external,372,0.4381720430107527,-0.07492709277138684,0.1343731767836442,0.25
minilm_frozen_bt,20260729,safe,0.4,target,512,0.486328125,-0.05842554152137907,0.15371617190535566,0.306640625
minilm_frozen_bt,20260729,safe,0.4,clean_validation,512,0.4453125,-0.067047518114584,0.15467475035543635,0.275390625
minilm_frozen_bt,20260729,safe,0.4,untouched_clean_test,512,0.482421875,-0.058125026299168256,0.16351195677154318,0.298828125
minilm_frozen_bt,20260729,safe,0.4,external,372,0.43548387096774194,-0.055612190911897896,0.21052278090385412,0.3602150537634409
minilm_frozen_bt,20260729,safe,0.6,target,512,0.49609375,-0.00022552300596771118,0.1842625511091098,0.4765625
minilm_frozen_bt,20260729,safe,0.6,clean_validation,512,0.45703125,-0.00762475972156382,0.19328900717924835,0.466796875
minilm_frozen_bt,20260729,safe,0.6,untouched_clean_test,512,0.4765625,0.0027791272858058835,0.2014192005382652,0.48046875
minilm_frozen_bt,20260729,safe,0.6,external,372,0.4650537634408602,0.006301046969153088,0.26292485913803354,0.5026881720430108
minilm_frozen_bt,20260729,safe,0.8,target,512,0.49609375,0.00015663070584743047,0.2159816599075806,0.46875
minilm_frozen_bt,20260729,safe,0.8,clean_validation,512,0.48046875,0.00039642832915328524,0.22259247804745466,0.474609375
minilm_frozen_bt,20260729,safe,0.8,untouched_clean_test,512,0.5,0.005231248544773458,0.23285009229363737,0.49609375
minilm_frozen_bt,20260729,safe,0.8,external,372,0.47580645161290325,0.012864519627154548,0.3034238208634438,0.5295698924731183
minilm_frozen_bt,20260729,safe,1.0,target,512,0.484375,-0.009840348402271826,0.24377393467963465,0.4609375
minilm_frozen_bt,20260729,safe,1.0,clean_validation,512,0.494140625,-0.008791223808442902,0.2462400366290474,0.453125
minilm_frozen_bt,20260729,safe,1.0,untouched_clean_test,512,0.4921875,-0.01175451518740717,0.258729714882941,0.46875
minilm_frozen_bt,20260729,safe,1.0,external,372,0.4731182795698925,0.004305192282228107,0.34869325199929,0.5161290322580645
